-- MySQL dump 10.13  Distrib 5.7.25, for Linux (x86_64)
--
-- Host: localhost    Database: rctrials
-- ------------------------------------------------------
-- Server version	5.7.25-google-log

--
-- Current Database: `rctrials`
--

USE `rctrials`;

--
-- Dumping data for table `users`
--

LOCK TABLES `users` WRITE;
INSERT INTO `users` VALUES ('5a56233d-6c77-11ea-85b6-42010a800005','abc','$2y$10$AbCdEfGhIjKlMnOpQrStUvWxYz0123045607890aBcDeFgHiJkLmN','interface.master@gmail.com','Reece Urcher','admin',1);
UNLOCK TABLES;

--
-- Dumping data for table `trials`
--

LOCK TABLES `trials` WRITE;
INSERT INTO `trials` VALUES ('6fdc','5a56233d-6c77-11ea-85b6-42010a800005','MEHAILO Trial Dev','2020-01-01 05:00:00','2120-01-01 05:00:00','2020-01-01 05:00:00','2120-01-01 05:00:00','simple','America/Toronto','0000-00-00 00:00:00','2020-07-02 10:13:55');
UNLOCK TABLES;

--
-- Dumping data for table `groups`
--

LOCK TABLES `groups` WRITE;
/*!40000 ALTER TABLE `groups` DISABLE KEYS */;
INSERT INTO `groups` VALUES ('6fdc',0,'Control','auto',0),('6fdc',1,'Experiment','auto',0);
/*!40000 ALTER TABLE `groups` ENABLE KEYS */;
UNLOCK TABLES;

--
-- Dumping data for table `surveys`
--

LOCK TABLES `surveys` WRITE;
INSERT INTO `surveys` VALUES ('6fdc',0,'Demographics','[0,1]',1,0,0,1,'days'),('6fdc',1,'PHQ-4','[0,1]',0,1,0,7,'days');
UNLOCK TABLES;

--
-- Dumping data for table `questions`
--

LOCK TABLES `questions` WRITE;
INSERT INTO `questions` VALUES ('6fdc',0,0,'What is your age?','slider','Under 18 | 18-24 years old | 25-34 years old | 35-44 years old | 45-54 years old | Over 55'),('6fdc',0,2,'With which gender do you most identify?','radio','Prefer not to say | Female | Male | Other'),('6fdc',0,3,'What is your ethnicity?','radio','Prefer not to say | White | Hispanic or Latino | Black or African American | Native | Asian / Pacific Islander | Other'),('6fdc',0,4,'What is the highest degree or level of school you have completed?','radio','Less than a high school diploma | High school degree or equivalent | Bachelor\'s degree (e.g. BA, BS) | Master\'s degree (e.g. MA, MS, MEd) | Doctorate (e.g. PhD, EdD) | Other'),('6fdc',0,5,'What is your current employment status?','radio','Employed full-time (40+ hours a week) | Employed part-time (less than 40 hours a week) | Unemployed (currently looking for work) | Unemployed (not currently looking for work) | Student | Retired | Self-employed | Unable to work'),('6fdc',0,6,'Where do you reside?','text',''),('6fdc',0,7,'What is your marital status?','radio','Single (never married) | Married | In a domestic partnership | Divorced | Widowed'),('6fdc',0,8,'What is your household income?','radio','Below $10k | $10 - $50k | $50k - $100k | $100k - $150k | Over $150k'),('6fdc',1,1,'Feeling nervous, anxious, or on edge','likert','Not at all [0] | Several days [1] | More than half the days [2] | Nearly every day [3]'),('6fdc',1,11,'Not being able to stop or control worrying','likert','Not at all [0] | Several days [1] | More than half the days [2] | Nearly every day [3]'),('6fdc',1,12,'Little interest or pleasure in doing things','likert','Not at all [0] | Several days [1] | More than half the days [2] | Nearly every day [3]'),('6fdc',1,13,'Feeling down, depressed, or hopeless','likert','Not at all [0] | Several days [1] | More than half the days [2] | Nearly every day [3]');
UNLOCK TABLES;

--
-- Dumping data for table `subjects`
--

LOCK TABLES `subjects` WRITE;
INSERT INTO `subjects` VALUES ('0fc27587-7f03-11ea-91fa-001a4a35001b','6fdc',0,NULL),('10e34007-9939-11ea-93d1-001a4a35001b','6fdc',1,NULL),('1c2cf35b-c213-11ea-8efd-4201ac1cf002','6fdc',1,'cWuR7-yiT1WqBxqk0a3HWa:APA91bHw3HmL9Brkk9p290BpmQ3526LyF0FK1nHdnD5WfXB9yDONH8eXQa6KLt8RZYFNtsl4gMBefhav0UKOI2SSS1Uy6QGaRACTEYCQ172kOghfffcOg3w4SzaP0GOWXw1Mosc7Sf4I'),('4b9714c2-a656-11ea-93d1-001a4a35001b','6fdc',0,'dpVIu_ZU9Ek:APA91bFQDoXIBsDhuGiMmb08xIyov1y32_JYGC8ky-qMo-Zk6DFKSBuCtI8XNFN54KyeUsTOQo2Z0CYwV76CerkR4t98dIMSNNI5vu2NsAvH7ClbIDPEbihEbov5fRhWu6wJ99zWrAek'),('786eb2f9-bc9d-11ea-8efd-4201ac1cf002','6fdc',1,'cfNmauD2RhyXfwy4bVDTUf:APA91bGKMRE6DY3sKAKcy0WYwb3p1a73r6h_Z6FowMBqONiq_SunZ6JaoBQmtrLv9amIybelT2Z4SP4R9hItQxL8XkTe-f-JjphMybT9kbSDHBG_6vHjivd3cHJxVFPD0RpNWlOhF0-_'),('7969650d-a6d4-11ea-93d1-001a4a35001b','6fdc',1,NULL),('86f634cb-cb6d-11ea-8efd-4201ac1cf002','6fdc',1,'erzBqYJvQfCf33RwJDcaab:APA91bG_9Jpcq3b1s2PwjROtvByLaOOEjuWG4XAmGF5NHZNS2YOYiTkFdVLKyzCVSbFJog94ZLpcZ5G5OkMBuQkHrfXDejA1MKohMwyehzR2CmzMcbD0CqC3l28-0ss8bhlu7mQz9ZlM'),('89e35e81-6cc7-11ea-85b6-42010a800005','6fdc',1,NULL),('8d766dc2-7065-11ea-91fa-001a4a35001b','6fdc',1,NULL),('9ecb4d93-bc9b-11ea-8efd-4201ac1cf002','6fdc',0,NULL),('a7900be9-72c7-11ea-91fa-001a4a35001b','6fdc',0,NULL),('aa69cc6a-8054-11ea-91fa-001a4a35001b','6fdc',0,NULL),('c45a531a-6d58-11ea-85b6-42010a800005','6fdc',0,NULL),('c8954320-cc31-11ea-8efd-4201ac1cf002','6fdc',0,'emfzidkZRa6q2qymR1z1Vc:APA91bHbOZLCUJD7HS4qHDjekjLLz_B2TebQA7QSlwFGFz14u652NqrmL3j0aWRqyZQuewArok_Zs5xITOYaGieAujlprJZ8VUJj-R7Asxf3gGsVXvdNvJHTBtHZDnIJr8L-ZuFAQyIE'),('ca115535-cc24-11ea-8efd-4201ac1cf002','6fdc',1,'dJ9mEJXxRzOacWrXbtctp4:APA91bFu05L9mEuc5XEwbBi7tZ9AOyB9qVPAU-53ZNAOiqIQrEi6Fk4QNiH3YH_HSAfyh_4slHH9h552H-RFc8rFqRRHdoZgXwta9HgS8wim0l2HXG0CCAFMbaiMv6DDyl6xc0GzwPzF'),('cd206984-bc9b-11ea-8efd-4201ac1cf002','6fdc',1,NULL),('db6d6769-c2b9-11ea-8efd-4201ac1cf002','6fdc',0,'cYDXb40OTqC_JYiLmBIrKu:APA91bEetToahOBx3b_26D5b60auyr2pyHjvmpzPNN9WgsB0Lm5lnspYK1rYXM4wIOs1CpH603juYVdRLNX-5j_WgK8VIr_M08Ve2f-dzrMZD3Jw0MdUnKBLBybO-qVgh78CHobSMwg3'),('e578bd80-a6d4-11ea-93d1-001a4a35001b','6fdc',0,NULL),('f0fe615b-72ba-11ea-91fa-001a4a35001b','6fdc',0,NULL),('f17a73ea-72c0-11ea-91fa-001a4a35001b','6fdc',1,NULL),('fa31306e-81e0-11ea-91fa-001a4a35001b','6fdc',1,NULL);
UNLOCK TABLES;

--
-- Dumping data for table `answers`
--

LOCK TABLES `answers` WRITE;
INSERT INTO `answers` VALUES ('6fdc',0,0,'89e35e81-6cc7-11ea-85b6-42010a800005','35-44 years old','2020-03-23 09:35:38'),('6fdc',0,2,'89e35e81-6cc7-11ea-85b6-42010a800005','Male','2020-03-23 09:35:38'),('6fdc',0,3,'89e35e81-6cc7-11ea-85b6-42010a800005','White','2020-03-23 09:35:38'),('6fdc',0,4,'89e35e81-6cc7-11ea-85b6-42010a800005','Bachelor\'s degree (e.g. BA, BS)','2020-03-23 09:35:38'),('6fdc',0,5,'89e35e81-6cc7-11ea-85b6-42010a800005','Employed full-time (40+ hours a week)','2020-03-23 09:35:38'),('6fdc',0,6,'89e35e81-6cc7-11ea-85b6-42010a800005','Ontario','2020-03-23 09:35:38'),('6fdc',0,7,'89e35e81-6cc7-11ea-85b6-42010a800005','Married','2020-03-23 09:35:38'),('6fdc',0,8,'89e35e81-6cc7-11ea-85b6-42010a800005','$100k - $150k','2020-03-23 09:35:38'),('6fdc',1,1,'89e35e81-6cc7-11ea-85b6-42010a800005','Several days [1]','2020-03-23 17:30:02'),('6fdc',1,11,'89e35e81-6cc7-11ea-85b6-42010a800005','Not at all [0]','2020-03-23 17:30:02'),('6fdc',1,12,'89e35e81-6cc7-11ea-85b6-42010a800005','Several days [1]','2020-03-23 17:30:02'),('6fdc',1,13,'89e35e81-6cc7-11ea-85b6-42010a800005','Several days [1]','2020-03-23 17:30:02'),('6fdc',0,0,'c45a531a-6d58-11ea-85b6-42010a800005','35-44 years old','2020-03-24 02:52:39'),('6fdc',0,2,'c45a531a-6d58-11ea-85b6-42010a800005','Female','2020-03-24 02:52:39'),('6fdc',0,3,'c45a531a-6d58-11ea-85b6-42010a800005','White','2020-03-24 02:52:39'),('6fdc',0,4,'c45a531a-6d58-11ea-85b6-42010a800005','Bachelor\'s degree (e.g. BA, BS)','2020-03-24 02:52:39'),('6fdc',0,5,'c45a531a-6d58-11ea-85b6-42010a800005','Self-employed','2020-03-24 02:52:39'),('6fdc',0,6,'c45a531a-6d58-11ea-85b6-42010a800005','Whitby, on','2020-03-24 02:52:39'),('6fdc',0,7,'c45a531a-6d58-11ea-85b6-42010a800005','Married','2020-03-24 02:52:39'),('6fdc',0,8,'c45a531a-6d58-11ea-85b6-42010a800005','$100k - $150k','2020-03-24 02:52:39'),('6fdc',1,1,'c45a531a-6d58-11ea-85b6-42010a800005','Nearly every day [3]','2020-03-24 03:10:25'),('6fdc',1,11,'c45a531a-6d58-11ea-85b6-42010a800005','Nearly every day [3]','2020-03-24 03:10:25'),('6fdc',1,12,'c45a531a-6d58-11ea-85b6-42010a800005','Not at all [0]','2020-03-24 03:10:25'),('6fdc',1,13,'c45a531a-6d58-11ea-85b6-42010a800005','Not at all [0]','2020-03-24 03:10:25'),('6fdc',0,0,'fa31306e-81e0-11ea-91fa-001a4a35001b','18-24 years old','2020-04-19 01:58:48'),('6fdc',0,2,'fa31306e-81e0-11ea-91fa-001a4a35001b','Other','2020-04-19 01:58:48'),('6fdc',0,3,'fa31306e-81e0-11ea-91fa-001a4a35001b','Native','2020-04-19 01:58:48'),('6fdc',0,4,'fa31306e-81e0-11ea-91fa-001a4a35001b','High school degree or equivalent','2020-04-19 01:58:48'),('6fdc',0,5,'fa31306e-81e0-11ea-91fa-001a4a35001b','Unemployed (currently looking for work)','2020-04-19 01:58:48'),('6fdc',0,6,'fa31306e-81e0-11ea-91fa-001a4a35001b','','2020-04-19 01:58:48'),('6fdc',0,7,'fa31306e-81e0-11ea-91fa-001a4a35001b','In a domestic partnership','2020-04-19 01:58:48'),('6fdc',0,8,'fa31306e-81e0-11ea-91fa-001a4a35001b','$50k - $100k','2020-04-19 01:58:48'),('6fdc',1,1,'fa31306e-81e0-11ea-91fa-001a4a35001b','Nearly every day [3]','2020-04-19 01:59:11'),('6fdc',1,11,'fa31306e-81e0-11ea-91fa-001a4a35001b','Several days [1]','2020-04-19 01:59:11'),('6fdc',1,12,'fa31306e-81e0-11ea-91fa-001a4a35001b','Nearly every day [3]','2020-04-19 01:59:11'),('6fdc',1,13,'fa31306e-81e0-11ea-91fa-001a4a35001b','Nearly every day [3]','2020-04-19 01:59:11'),('6fdc',1,1,'89e35e81-6cc7-11ea-85b6-42010a800005','Nearly every day [3]','2020-04-24 00:44:19'),('6fdc',1,11,'89e35e81-6cc7-11ea-85b6-42010a800005','More than half the days [2]','2020-04-24 00:44:19'),('6fdc',1,12,'89e35e81-6cc7-11ea-85b6-42010a800005','Nearly every day [3]','2020-04-24 00:44:19'),('6fdc',1,13,'89e35e81-6cc7-11ea-85b6-42010a800005','Nearly every day [3]','2020-04-24 00:44:19'),('6fdc',1,1,'fa31306e-81e0-11ea-91fa-001a4a35001b','Several days [1]','2020-04-28 13:26:21'),('6fdc',1,11,'fa31306e-81e0-11ea-91fa-001a4a35001b','More than half the days [2]','2020-04-28 13:26:21'),('6fdc',1,12,'fa31306e-81e0-11ea-91fa-001a4a35001b','Several days [1]','2020-04-28 13:26:21'),('6fdc',1,13,'fa31306e-81e0-11ea-91fa-001a4a35001b','Nearly every day [3]','2020-04-28 13:26:21'),('6fdc',1,1,'c45a531a-6d58-11ea-85b6-42010a800005','Not at all [0]','2020-04-30 20:30:11'),('6fdc',1,11,'c45a531a-6d58-11ea-85b6-42010a800005','Not at all [0]','2020-04-30 20:30:11'),('6fdc',1,12,'c45a531a-6d58-11ea-85b6-42010a800005','Not at all [0]','2020-04-30 20:30:11'),('6fdc',1,13,'c45a531a-6d58-11ea-85b6-42010a800005','Not at all [0]','2020-04-30 20:30:11'),('6fdc',1,1,'c45a531a-6d58-11ea-85b6-42010a800005','Several days [1]','2020-05-10 19:20:45'),('6fdc',1,11,'c45a531a-6d58-11ea-85b6-42010a800005','Several days [1]','2020-05-10 19:20:45'),('6fdc',1,12,'c45a531a-6d58-11ea-85b6-42010a800005','Not at all [0]','2020-05-10 19:20:45'),('6fdc',1,13,'c45a531a-6d58-11ea-85b6-42010a800005','Not at all [0]','2020-05-10 19:20:45'),('6fdc',1,1,'89e35e81-6cc7-11ea-85b6-42010a800005','Several days [1]','2020-05-15 16:02:53'),('6fdc',1,11,'89e35e81-6cc7-11ea-85b6-42010a800005','Several days [1]','2020-05-15 16:02:53'),('6fdc',1,12,'89e35e81-6cc7-11ea-85b6-42010a800005','Several days [1]','2020-05-15 16:02:54'),('6fdc',1,13,'89e35e81-6cc7-11ea-85b6-42010a800005','Several days [1]','2020-05-15 16:02:54'),('6fdc',1,1,'fa31306e-81e0-11ea-91fa-001a4a35001b','Several days [1]','2020-05-17 14:54:10'),('6fdc',1,11,'fa31306e-81e0-11ea-91fa-001a4a35001b','More than half the days [2]','2020-05-17 14:54:10'),('6fdc',1,12,'fa31306e-81e0-11ea-91fa-001a4a35001b','Nearly every day [3]','2020-05-17 14:54:10'),('6fdc',1,13,'fa31306e-81e0-11ea-91fa-001a4a35001b','Not at all [0]','2020-05-17 14:54:10'),('6fdc',1,1,'c45a531a-6d58-11ea-85b6-42010a800005','Not at all [0]','2020-05-18 15:15:35'),('6fdc',1,11,'c45a531a-6d58-11ea-85b6-42010a800005','Several days [1]','2020-05-18 15:15:35'),('6fdc',1,12,'c45a531a-6d58-11ea-85b6-42010a800005','More than half the days [2]','2020-05-18 15:15:35'),('6fdc',1,13,'c45a531a-6d58-11ea-85b6-42010a800005','Nearly every day [3]','2020-05-18 15:15:35'),('6fdc',1,1,'10e34007-9939-11ea-93d1-001a4a35001b','More than half the days [2]','2020-05-21 19:03:58'),('6fdc',1,11,'10e34007-9939-11ea-93d1-001a4a35001b','More than half the days [2]','2020-05-21 19:03:58'),('6fdc',1,12,'10e34007-9939-11ea-93d1-001a4a35001b','More than half the days [2]','2020-05-21 19:03:58'),('6fdc',1,13,'10e34007-9939-11ea-93d1-001a4a35001b','More than half the days [2]','2020-05-21 19:03:58'),('6fdc',1,1,'89e35e81-6cc7-11ea-85b6-42010a800005','More than half the days [2]','2020-05-23 00:49:06'),('6fdc',1,11,'89e35e81-6cc7-11ea-85b6-42010a800005','More than half the days [2]','2020-05-23 00:49:06'),('6fdc',1,12,'89e35e81-6cc7-11ea-85b6-42010a800005','Nearly every day [3]','2020-05-23 00:49:06'),('6fdc',1,13,'89e35e81-6cc7-11ea-85b6-42010a800005','Nearly every day [3]','2020-05-23 00:49:06'),('6fdc',0,0,'7969650d-a6d4-11ea-93d1-001a4a35001b','25-34 years old','2020-06-05 02:31:54'),('6fdc',0,2,'7969650d-a6d4-11ea-93d1-001a4a35001b','Prefer not to say','2020-06-05 02:31:54'),('6fdc',0,3,'7969650d-a6d4-11ea-93d1-001a4a35001b','Black or African American','2020-06-05 02:31:54'),('6fdc',0,4,'7969650d-a6d4-11ea-93d1-001a4a35001b','Doctorate (e.g. PhD, EdD)','2020-06-05 02:31:54'),('6fdc',0,5,'7969650d-a6d4-11ea-93d1-001a4a35001b','Employed full-time (40+ hours a week)','2020-06-05 02:31:54'),('6fdc',0,6,'7969650d-a6d4-11ea-93d1-001a4a35001b','whitby','2020-06-05 02:31:54'),('6fdc',0,7,'7969650d-a6d4-11ea-93d1-001a4a35001b','Married','2020-06-05 02:31:54'),('6fdc',0,8,'7969650d-a6d4-11ea-93d1-001a4a35001b','Over $150k','2020-06-05 02:31:54'),('6fdc',1,1,'7969650d-a6d4-11ea-93d1-001a4a35001b','Several days [1]','2020-06-05 02:32:08'),('6fdc',1,11,'7969650d-a6d4-11ea-93d1-001a4a35001b','Several days [1]','2020-06-05 02:32:08'),('6fdc',1,12,'7969650d-a6d4-11ea-93d1-001a4a35001b','Not at all [0]','2020-06-05 02:32:08'),('6fdc',1,13,'7969650d-a6d4-11ea-93d1-001a4a35001b','Not at all [0]','2020-06-05 02:32:08'),('6fdc',0,0,'4b9714c2-a656-11ea-93d1-001a4a35001b','18-24 years old','2020-06-05 02:34:58'),('6fdc',0,2,'4b9714c2-a656-11ea-93d1-001a4a35001b','Female','2020-06-05 02:34:58'),('6fdc',0,3,'4b9714c2-a656-11ea-93d1-001a4a35001b','Black or African American','2020-06-05 02:34:58'),('6fdc',0,4,'4b9714c2-a656-11ea-93d1-001a4a35001b','Bachelor\'s degree (e.g. BA, BS)','2020-06-05 02:34:58'),('6fdc',0,5,'4b9714c2-a656-11ea-93d1-001a4a35001b','Student','2020-06-05 02:34:58'),('6fdc',0,6,'4b9714c2-a656-11ea-93d1-001a4a35001b','','2020-06-05 02:34:58'),('6fdc',0,7,'4b9714c2-a656-11ea-93d1-001a4a35001b','In a domestic partnership','2020-06-05 02:34:58'),('6fdc',0,8,'4b9714c2-a656-11ea-93d1-001a4a35001b','$50k - $100k','2020-06-05 02:34:58'),('6fdc',1,1,'4b9714c2-a656-11ea-93d1-001a4a35001b','Several days [1]','2020-06-05 02:35:05'),('6fdc',1,11,'4b9714c2-a656-11ea-93d1-001a4a35001b','Nearly every day [3]','2020-06-05 02:35:05'),('6fdc',1,12,'4b9714c2-a656-11ea-93d1-001a4a35001b','More than half the days [2]','2020-06-05 02:35:05'),('6fdc',1,13,'4b9714c2-a656-11ea-93d1-001a4a35001b','Several days [1]','2020-06-05 02:35:05'),('6fdc',1,1,'e578bd80-a6d4-11ea-93d1-001a4a35001b','Nearly every day [3]','2020-06-05 02:39:26'),('6fdc',1,11,'e578bd80-a6d4-11ea-93d1-001a4a35001b','Nearly every day [3]','2020-06-05 02:39:26'),('6fdc',1,12,'e578bd80-a6d4-11ea-93d1-001a4a35001b','Nearly every day [3]','2020-06-05 02:39:26'),('6fdc',1,13,'e578bd80-a6d4-11ea-93d1-001a4a35001b','Nearly every day [3]','2020-06-05 02:39:26'),('6fdc',1,1,'4b9714c2-a656-11ea-93d1-001a4a35001b','Several days [1]','2020-06-19 19:53:44'),('6fdc',1,11,'4b9714c2-a656-11ea-93d1-001a4a35001b','Several days [1]','2020-06-19 19:53:44'),('6fdc',1,12,'4b9714c2-a656-11ea-93d1-001a4a35001b','Several days [1]','2020-06-19 19:53:44'),('6fdc',1,13,'4b9714c2-a656-11ea-93d1-001a4a35001b','Several days [1]','2020-06-19 19:53:44'),('6fdc',1,1,'e578bd80-a6d4-11ea-93d1-001a4a35001b','More than half the days [2]','2020-06-19 19:54:49'),('6fdc',1,11,'e578bd80-a6d4-11ea-93d1-001a4a35001b','More than half the days [2]','2020-06-19 19:54:49'),('6fdc',1,12,'e578bd80-a6d4-11ea-93d1-001a4a35001b','More than half the days [2]','2020-06-19 19:54:49'),('6fdc',1,13,'e578bd80-a6d4-11ea-93d1-001a4a35001b','More than half the days [2]','2020-06-19 19:54:49'),('6fdc',0,0,'db6d6769-c2b9-11ea-8efd-4201ac1cf002','25-34 years old','2020-07-10 14:31:41'),('6fdc',0,2,'db6d6769-c2b9-11ea-8efd-4201ac1cf002','Female','2020-07-10 14:31:41'),('6fdc',0,3,'db6d6769-c2b9-11ea-8efd-4201ac1cf002','White','2020-07-10 14:31:41'),('6fdc',0,4,'db6d6769-c2b9-11ea-8efd-4201ac1cf002','Bachelor\'s degree (e.g. BA, BS)','2020-07-10 14:31:41'),('6fdc',0,5,'db6d6769-c2b9-11ea-8efd-4201ac1cf002','Employed part-time (less than 40 hours a week)','2020-07-10 14:31:41'),('6fdc',0,6,'db6d6769-c2b9-11ea-8efd-4201ac1cf002','Toronto','2020-07-10 14:31:41'),('6fdc',0,7,'db6d6769-c2b9-11ea-8efd-4201ac1cf002','Single (never married)','2020-07-10 14:31:41'),('6fdc',0,8,'db6d6769-c2b9-11ea-8efd-4201ac1cf002','$50k - $100k','2020-07-10 14:31:41'),('6fdc',1,1,'db6d6769-c2b9-11ea-8efd-4201ac1cf002','Several days [1]','2020-07-10 14:32:03'),('6fdc',1,11,'db6d6769-c2b9-11ea-8efd-4201ac1cf002','Several days [1]','2020-07-10 14:32:03'),('6fdc',1,12,'db6d6769-c2b9-11ea-8efd-4201ac1cf002','Several days [1]','2020-07-10 14:32:03'),('6fdc',1,13,'db6d6769-c2b9-11ea-8efd-4201ac1cf002','Several days [1]','2020-07-10 14:32:03'),('6fdc',0,0,'1c2cf35b-c213-11ea-8efd-4201ac1cf002','35-44 years old','2020-07-18 03:03:45'),('6fdc',0,2,'1c2cf35b-c213-11ea-8efd-4201ac1cf002','Female','2020-07-18 03:03:45'),('6fdc',0,3,'1c2cf35b-c213-11ea-8efd-4201ac1cf002','White','2020-07-18 03:03:45'),('6fdc',0,4,'1c2cf35b-c213-11ea-8efd-4201ac1cf002','Bachelor\'s degree (e.g. BA, BS)','2020-07-18 03:03:45'),('6fdc',0,5,'1c2cf35b-c213-11ea-8efd-4201ac1cf002','Employed full-time (40+ hours a week)','2020-07-18 03:03:45'),('6fdc',0,6,'1c2cf35b-c213-11ea-8efd-4201ac1cf002','whitby','2020-07-18 03:03:45'),('6fdc',0,7,'1c2cf35b-c213-11ea-8efd-4201ac1cf002','Married','2020-07-18 03:03:45'),('6fdc',0,8,'1c2cf35b-c213-11ea-8efd-4201ac1cf002','$100k - $150k','2020-07-18 03:03:45'),('6fdc',1,1,'1c2cf35b-c213-11ea-8efd-4201ac1cf002','Several days [1]','2020-07-18 03:03:58'),('6fdc',1,11,'1c2cf35b-c213-11ea-8efd-4201ac1cf002','Not at all [0]','2020-07-18 03:03:58'),('6fdc',1,12,'1c2cf35b-c213-11ea-8efd-4201ac1cf002','Not at all [0]','2020-07-18 03:03:58'),('6fdc',1,13,'1c2cf35b-c213-11ea-8efd-4201ac1cf002','Not at all [0]','2020-07-18 03:03:58');
UNLOCK TABLES;

-- Dump completed on 2020-07-29 18:44:37
